Workbook

Sheet Folha de Frequência
A1: Ministério da Saúde Secretaria de Gestão do Trabalho e da Educação na Saúde Departamento de Gestão da Educação na Saúde | E1: Secretaria Municipal de Saúde de Goiânia Secretaria Estadual de Saúde de Goiás Universidade Federal de Goiás
A5: Folha de Frequência Mensal*
A6: ="Nome: "&'Lançamentos'!B3
A7: ="Perfil: "&'Lançamentos'!B4 | C7: ="Nº do GAT: "&'Lançamentos'!B5 | D7: ="Mês/ano: "&'Lançamentos'!B6
A9: Data | B9: Horário de Chegada | C9: Horário de Saída | D9: Atividade | E9: Assinatura
A10: =IF('Lançamentos'!A9="","",'Lançamentos'!A9) | B10: =IF('Lançamentos'!B9="","",'Lançamentos'!B9) | C10: =IF(OR('Lançamentos'!B9="",'Lançamentos'!C9=""),"",TEXT('Lançamentos'!C9,"hh:mm")&" ("&'Lançamentos'!F9&"h)") | D10: =IF('Lançamentos'!D9="","",'Lançamentos'!D9) | E10: =IF('Lançamentos'!E9="","",'Lançamentos'!E9)
A11: =IF('Lançamentos'!A10="","",'Lançamentos'!A10) | B11: =IF('Lançamentos'!B10="","",'Lançamentos'!B10) | C11: =IF(OR('Lançamentos'!B10="",'Lançamentos'!C10=""),"",TEXT('Lançamentos'!C10,"hh:mm")&" ("&'Lançamentos'!F10&"h)") | D11: =IF('Lançamentos'!D10="","",'Lançamentos'!D10) | E11: =IF('Lançamentos'!E10="","",'Lançamentos'!E10)
A12: =IF('Lançamentos'!A11="","",'Lançamentos'!A11) | B12: =IF('Lançamentos'!B11="","",'Lançamentos'!B11) | C12: =IF(OR('Lançamentos'!B11="",'Lançamentos'!C11=""),"",TEXT('Lançamentos'!C11,"hh:mm")&" ("&'Lançamentos'!F11&"h)") | D12: =IF('Lançamentos'!D11="","",'Lançamentos'!D11) | E12: =IF('Lançamentos'!E11="","",'Lançamentos'!E11)
A13: =IF('Lançamentos'!A12="","",'Lançamentos'!A12) | B13: =IF('Lançamentos'!B12="","",'Lançamentos'!B12) | C13: =IF(OR('Lançamentos'!B12="",'Lançamentos'!C12=""),"",TEXT('Lançamentos'!C12,"hh:mm")&" ("&'Lançamentos'!F12&"h)") | D13: =IF('Lançamentos'!D12="","",'Lançamentos'!D12) | E13: =IF('Lançamentos'!E12="","",'Lançamentos'!E12)
A14: =IF('Lançamentos'!A13="","",'Lançamentos'!A13) | B14: =IF('Lançamentos'!B13="","",'Lançamentos'!B13) | C14: =IF(OR('Lançamentos'!B13="",'Lançamentos'!C13=""),"",TEXT('Lançamentos'!C13,"hh:mm")&" ("&'Lançamentos'!F13&"h)") | D14: =IF('Lançamentos'!D13="","",'Lançamentos'!D13) | E14: =IF('Lançamentos'!E13="","",'Lançamentos'!E13)
A15: =IF('Lançamentos'!A14="","",'Lançamentos'!A14) | B15: =IF('Lançamentos'!B14="","",'Lançamentos'!B14) | C15: =IF(OR('Lançamentos'!B14="",'Lançamentos'!C14=""),"",TEXT('Lançamentos'!C14,"hh:mm")&" ("&'Lançamentos'!F14&"h)") | D15: =IF('Lançamentos'!D14="","",'Lançamentos'!D14) | E15: =IF('Lançamentos'!E14="","",'Lançamentos'!E14)
A16: =IF('Lançamentos'!A15="","",'Lançamentos'!A15) | B16: =IF('Lançamentos'!B15="","",'Lançamentos'!B15) | C16: =IF(OR('Lançamentos'!B15="",'Lançamentos'!C15=""),"",TEXT('Lançamentos'!C15,"hh:mm")&" ("&'Lançamentos'!F15&"h)") | D16: =IF('Lançamentos'!D15="","",'Lançamentos'!D15) | E16: =IF('Lançamentos'!E15="","",'Lançamentos'!E15)
A17: =IF('Lançamentos'!A16="","",'Lançamentos'!A16) | B17: =IF('Lançamentos'!B16="","",'Lançamentos'!B16) | C17: =IF(OR('Lançamentos'!B16="",'Lançamentos'!C16=""),"",TEXT('Lançamentos'!C16,"hh:mm")&" ("&'Lançamentos'!F16&"h)") | D17: =IF('Lançamentos'!D16="","",'Lançamentos'!D16) | E17: =IF('Lançamentos'!E16="","",'Lançamentos'!E16)
A18: =IF('Lançamentos'!A17="","",'Lançamentos'!A17) | B18: =IF('Lançamentos'!B17="","",'Lançamentos'!B17) | C18: =IF(OR('Lançamentos'!B17="",'Lançamentos'!C17=""),"",TEXT('Lançamentos'!C17,"hh:mm")&" ("&'Lançamentos'!F17&"h)") | D18: =IF('Lançamentos'!D17="","",'Lançamentos'!D17) | E18: =IF('Lançamentos'!E17="","",'Lançamentos'!E17)
A19: =IF('Lançamentos'!A18="","",'Lançamentos'!A18) | B19: =IF('Lançamentos'!B18="","",'Lançamentos'!B18) | C19: =IF(OR('Lançamentos'!B18="",'Lançamentos'!C18=""),"",TEXT('Lançamentos'!C18,"hh:mm")&" ("&'Lançamentos'!F18&"h)") | D19: =IF('Lançamentos'!D18="","",'Lançamentos'!D18) | E19: =IF('Lançamentos'!E18="","",'Lançamentos'!E18)
A20: =IF('Lançamentos'!A19="","",'Lançamentos'!A19) | B20: =IF('Lançamentos'!B19="","",'Lançamentos'!B19) | C20: =IF(OR('Lançamentos'!B19="",'Lançamentos'!C19=""),"",TEXT('Lançamentos'!C19,"hh:mm")&" ("&'Lançamentos'!F19&"h)") | D20: =IF('Lançamentos'!D19="","",'Lançamentos'!D19) | E20: =IF('Lançamentos'!E19="","",'Lançamentos'!E19)
A21: =IF('Lançamentos'!A20="","",'Lançamentos'!A20) | B21: =IF('Lançamentos'!B20="","",'Lançamentos'!B20) | C21: =IF(OR('Lançamentos'!B20="",'Lançamentos'!C20=""),"",TEXT('Lançamentos'!C20,"hh:mm")&" ("&'Lançamentos'!F20&"h)") | D21: =IF('Lançamentos'!D20="","",'Lançamentos'!D20) | E21: =IF('Lançamentos'!E20="","",'Lançamentos'!E20)
... A44: =IF('Lançamentos'!A43="","",'Lançamentos'!A43) | B44: =IF('Lançamentos'!B43="","",'Lançamentos'!B43) | C44: =IF(OR('Lançamentos'!B43="",'Lançamentos'!C43=""),"",TEXT('Lançamentos'!C43,"hh:mm")&" ("&'Lançamentos'!F43&"h)") | D44: =IF('Lançamentos'!D43="","",'Lançamentos'!D43) | E44: =IF('Lançamentos'!E43="","",'Lançamentos'!E43)
A46: TOTAL: | B46: =SUM('Lançamentos'!F9:F43)&IF(SUM('Lançamentos'!F9:F43)=1," hora"," horas")
A50: * Envio obrigatório até primeiro dia útil do mês posterior as atividades para o e-mail oficial do projeto. O não envio desta ficha devidamente preenchida no prazo estabelecido acarretará a não validação da bolsa.
A51: **Estudante, Orientador de Serviço, Preceptor, Tutor, Coordenador de GAT

Sheet Lançamentos
A1: PET-Saúde Clima — Lançamentos
A3: Nome | B3: Felipe Gonçalves Vidal
A4: Perfil | B4: Estudante
A5: Nº do GAT | B5: 04
A6: Mês/ano | B6: Setembro/2026
A8: Data | B8: Horário de Chegada | C8: Saída real | D8: Atividade | E8: Assinatura | F8: Horas PET
A9: 46273 | B9: 0.79166667 | C9: 0.875 | D9: Reunião do GAT 04 (Síncrona virtual) | F9: =IF(OR(B9="",C9=""),"",IF(C9=B9,0,CEILING(B9*24+MOD(C9-B9,1)*24,1)-FLOOR(B9*24,1)))
A10: 46275 | B10: 0.41666667 | C10: 0.5 | D10: Oficina formativa: REDCap e construção de instrumentos para pesquisa científica (Síncrona virtual) | F10: =IF(OR(B10="",C10=""),"",IF(C10=B10,0,CEILING(B10*24+MOD(C10-B10,1)*24,1)-FLOOR(B10*24,1)))
A11: 46276 | B11: 0.5625 | C11: 0.72916667 | D11: Reunião geral do PET (Síncrona presencial) | F11: =IF(OR(B11="",C11=""),"",IF(C11=B11,0,CEILING(B11*24+MOD(C11-B11,1)*24,1)-FLOOR(B11*24,1)))
A12: 46286 | B12: 0.625 | C12: 0.80555556 | D12: Oficinas de SUStentabilidade (Síncrona presencial) | F12: =IF(OR(B12="",C12=""),"",IF(C12=B12,0,CEILING(B12*24+MOD(C12-B12,1)*24,1)-FLOOR(B12*24,1)))
A13: 46282 | B13: 0.79166667 | C13: 0.83819444 | D13: Ciclo de Palestra 2026 - Cavernas como arquivo climático: A região Centro-Oeste no holoceno (Síncrona virtual) | F13: =IF(OR(B13="",C13=""),"",IF(C13=B13,0,CEILING(B13*24+MOD(C13-B13,1)*24,1)-FLOOR(B13*24,1)))
A14: 46281 | B14: 0.83333333 | C14: 0.89375 | D14: Conselho Federal de Psicologia - Atuação psicossocial em desastres climáticos e o El Niño (Síncrona virtual) | F14: =IF(OR(B14="",C14=""),"",IF(C14=B14,0,CEILING(B14*24+MOD(C14-B14,1)*24,1)-FLOOR(B14*24,1)))
A15: 46287 | B15: 0.625 | C15: 0.66666667 | D15: Síntese: Intervenção de Bruna Kitazono na palestra Conselho Federal de Psicologia - Atuação psicossocial em desastres climáticos e o El Niño (Assíncrona virtual) | F15: =IF(OR(B15="",C15=""),"",IF(C15=B15,0,CEILING(B15*24+MOD(C15-B15,1)*24,1)-FLOOR(B15*24,1)))
A16: 46287 | B16: 0.79166667 | C16: 0.86111111 | D16: Reunião do GAT 04 (Síncrona virtual) | F16: =IF(OR(B16="",C16=""),"",IF(C16=B16,0,CEILING(B16*24+MOD(C16-B16,1)*24,1)-FLOOR(B16*24,1)))
F17: =IF(OR(B17="",C17=""),"",IF(C17=B17,0,CEILING(B17*24+MOD(C17-B17,1)*24,1)-FLOOR(B17*24,1)))
F18: =IF(OR(B18="",C18=""),"",IF(C18=B18,0,CEILING(B18*24+MOD(C18-B18,1)*24,1)-FLOOR(B18*24,1)))
F19: =IF(OR(B19="",C19=""),"",IF(C19=B19,0,CEILING(B19*24+MOD(C19-B19,1)*24,1)-FLOOR(B19*24,1)))
F20: =IF(OR(B20="",C20=""),"",IF(C20=B20,0,CEILING(B20*24+MOD(C20-B20,1)*24,1)-FLOOR(B20*24,1)))
F21: =IF(OR(B21="",C21=""),"",IF(C21=B21,0,CEILING(B21*24+MOD(C21-B21,1)*24,1)-FLOOR(B21*24,1)))
F22: =IF(OR(B22="",C22=""),"",IF(C22=B22,0,CEILING(B22*24+MOD(C22-B22,1)*24,1)-FLOOR(B22*24,1)))
F23: =IF(OR(B23="",C23=""),"",IF(C23=B23,0,CEILING(B23*24+MOD(C23-B23,1)*24,1)-FLOOR(B23*24,1)))
F24: =IF(OR(B24="",C24=""),"",IF(C24=B24,0,CEILING(B24*24+MOD(C24-B24,1)*24,1)-FLOOR(B24*24,1)))
F25: =IF(OR(B25="",C25=""),"",IF(C25=B25,0,CEILING(B25*24+MOD(C25-B25,1)*24,1)-FLOOR(B25*24,1)))
F26: =IF(OR(B26="",C26=""),"",IF(C26=B26,0,CEILING(B26*24+MOD(C26-B26,1)*24,1)-FLOOR(B26*24,1)))
F27: =IF(OR(B27="",C27=""),"",IF(C27=B27,0,CEILING(B27*24+MOD(C27-B27,1)*24,1)-FLOOR(B27*24,1)))
F28: =IF(OR(B28="",C28=""),"",IF(C28=B28,0,CEILING(B28*24+MOD(C28-B28,1)*24,1)-FLOOR(B28*24,1)))
... F43: =IF(OR(B43="",C43=""),"",IF(C43=B43,0,CEILING(B43*24+MOD(C43-B43,1)*24,1)-FLOOR(B43*24,1)))
A45: Preencha esta aba. A folha oficial é atualizada automaticamente. Cada hora do relógio iniciada conta como 1h (ex.: 14:00–15:30 = 2h; 13:30–17:30 = 5h). | F45: =SUM(F9:F43)
